{
  "c_reference": {
    "proxy_rmse": {
      "lgb_v1": 0.029588555478525916,
      "lgb_deep": 0.03020156322368609,
      "cat": 0.03116062761589316,
      "xgb": 0.029382671327559305
    },
    "blend_rmse": 0.029201040364857465,
    "weights": {
      "lgb_v1": 0.4059685413137164,
      "cat": 0.0,
      "xgb": 0.5940314586862836
    },
    "rounds_final": {
      "lgb": 217,
      "cat": 196,
      "xgb": 259
    },
    "pred_mean": 0.1302733672857055,
    "v1_mean": 0.1308300670213573
  },
  "proxy": {
    "daytime_rows": 41851,
    "nondaytime_rows": 27576,
    "folds": 5,
    "daytime_window_min": [
      135,
      825
    ]
  },
  "proxy_rmse_per_model": {
    "lgb_v1": 0.029667920698761653,
    "cat": 0.03137943785251714,
    "xgb": 0.02960559081774387
  },
  "proxy_avg_best_iter": {
    "lgb_v1": 499,
    "cat": 499,
    "xgb": 499
  },
  "proxy_delta_vs_C": {
    "lgb_v1": 7.936522023573728e-05,
    "cat": 0.00021881023662398413,
    "xgb": 0.00022291949018456506
  },
  "blend": {
    "models": [
      "lgb_v1",
      "cat",
      "xgb"
    ],
    "single_rmse": {
      "lgb_v1": 0.029667920698761653,
      "cat": 0.03137943785251714,
      "xgb": 0.02960559081774387
    },
    "best_single": {
      "model": "xgb",
      "rmse": 0.02960559081774387
    },
    "blend_rmse": 0.029398284420124755,
    "accepted": true,
    "chosen_rmse": 0.029398284420124755,
    "weights": {
      "lgb_v1": 0.4670684389874424,
      "cat": 0.0,
      "xgb": 0.5329315610125576
    },
    "blend_delta_vs_C": 0.00019724405526728994
  },
  "cvA_calibration": {
    "best_iter": {
      "lgb": 148,
      "cat": 151,
      "xgb": 162
    },
    "rmse": {
      "lgb": 0.06834508382650212,
      "cat": 0.06802257550155755,
      "xgb": 0.06921329036681236
    }
  },
  "rounds_final": {
    "lgb": 212,
    "cat": 216,
    "xgb": 228
  },
  "submission": {
    "rows": 41778,
    "pred_mean": 0.13068390254010478,
    "pred_min": 0.0066230297341904314,
    "pred_max": 1.0
  },
  "vs_others": {
    "C": {
      "corr": 0.9998972295330191,
      "mean_diff": 0.00041053525439935235,
      "mean_abs_diff": 0.0014377235977790863,
      "ref_mean": 0.13027336728570543
    },
    "v1": {
      "corr": 0.9992230922025558,
      "mean_diff": -0.00014616448125251424,
      "mean_abs_diff": 0.003873903299963129,
      "ref_mean": 0.1308300670213573
    }
  },
  "bc_average": {
    "rows": 41778,
    "corr_B_C": 0.9977054329349969,
    "mean_B": 0.13021794536885228,
    "mean_C": 0.13027336728570543,
    "mean_BC": 0.13024565632727886,
    "corr_BC_B": 0.9994286990796911,
    "corr_BC_C": 0.9994236826536748,
    "corr_BC_E": 0.9993392335924302
  }
}