{
  "data": {
    "day48": 69427,
    "day49_train": 7872,
    "test": 41778,
    "tod_lo": 135.0,
    "tod_hi": 825.0
  },
  "proxy_cell": {
    "base_only": 0.05685483494395959,
    "direct": 0.031164008764300935,
    "additive": 0.030519563317056048,
    "logratio": 0.03600082500422583
  },
  "proxy_time": {
    "base_only": 0.10934647152648044,
    "direct": 0.06517803388465139,
    "additive": 0.0727192245191585,
    "logratio": 0.08416187078317268
  },
  "chosen_formulation": "direct",
  "calibration": {
    "candidates": {
      "none": 0.031164008764300935,
      "global_affine": 0.031118328873940032,
      "road_bias": 0.031164060898583958,
      "road_bias+affine": 0.031150905015164036
    },
    "chosen": "global_affine",
    "rmse_after_calib": 0.031118328873940032
  },
  "blend": {
    "oof_rmse_blend": 0.031118328873940032,
    "oof_rmse_no_blend": 0.031118328873940032,
    "w_full": 1.0,
    "accepted": false
  },
  "final_pipeline_oof_rmse": 0.031118328873940032,
  "submission": {
    "rows": 41778,
    "pred_min": 0.005233148371252572,
    "pred_mean": 0.13151882054666406,
    "pred_max": 1.0,
    "n_seeds": 7,
    "rounds": 217
  },
  "sanity_vs_v1": {
    "n_aligned": 41778,
    "corr_vs_v1": 0.999838334027979,
    "mean_abs_diff": 0.0019753727264145474,
    "mean_D": 0.13151882054666406,
    "mean_v1": 0.1308300670213573
  }
}