{
  "cold_start": {
    "n_cells": 15,
    "gh5_seen": 15,
    "gh4_seen": 15
  },
  "proxy_T": {
    "v1_base": 0.058992907550428214,
    "+road/lanes_tod": 0.0551127392651875,
    "+region(gh5/gh4)": 0.05952967075576145,
    "+ratios": 0.05909313507566198,
    "+geo_hour": 0.058992907550428214,
    "KEPT(combined)": 0.0551127392651875
  },
  "proxy_S": {
    "v1_base": 0.16609266313284288,
    "+road/lanes_tod": 0.17125015476646144,
    "+region(gh5/gh4)": 0.17119398610927453,
    "+ratios": 0.17140413382138503,
    "+geo_hour": 0.17254283702367393,
    "KEPT(combined)": 0.17125015476646144
  },
  "baseline": {
    "proxyT": 0.058992907550428214,
    "proxyS": 0.16609266313284288
  },
  "decisions": [
    {
      "family": "+road/lanes_tod",
      "proxyT": 0.0551127392651875,
      "proxyS": 0.17125015476646144,
      "dT": -0.0038801682852407163,
      "dS": 0.0051574916336185606,
      "keep": true,
      "why": "Proxy-T -0.00388"
    },
    {
      "family": "+region(gh5/gh4)",
      "proxyT": 0.05952967075576145,
      "proxyS": 0.17119398610927453,
      "dT": 0.0005367632053332391,
      "dS": 0.005101322976431649,
      "keep": false,
      "why": "no daytime gain (T +0.00054, S +0.00510)"
    },
    {
      "family": "+ratios",
      "proxyT": 0.05909313507566198,
      "proxyS": 0.17140413382138503,
      "dT": 0.00010022752523376754,
      "dS": 0.0053114706885421525,
      "keep": false,
      "why": "no daytime gain (T +0.00010, S +0.00531)"
    },
    {
      "family": "+geo_hour",
      "proxyT": 0.058992907550428214,
      "proxyS": 0.17254283702367393,
      "dT": 0.0,
      "dS": 0.006450173890831051,
      "keep": false,
      "why": "no daytime gain (T +0.00000, S +0.00645)"
    }
  ],
  "kept_families": [
    "+road/lanes_tod"
  ],
  "kept_extra_feats": [
    "road_tod_mean",
    "lanes_tod_mean"
  ],
  "final_rounds": 437,
  "proxy_best_iter": 437,
  "submission": {
    "rows": 41778,
    "pred_mean": 0.13021794536885234,
    "pred_min": 0.0024009744501885723,
    "pred_max": 0.9999999999999999
  },
  "vs_v1": {
    "corr": 0.9977391309847587,
    "mean_B": 0.13021794536885234,
    "mean_v1": 0.1308300670213573,
    "mean_diff": -0.00061212165250496,
    "mae": 0.005187157952775368
  }
}