{
  "results": {
    "raw": {
      "cvA": 0.06843101782169267,
      "cvB": 0.09636877030867687
    },
    "log1p": {
      "cvA": 0.06915407049438174,
      "cvB": 0.09686974709773252
    },
    "sqrt": {
      "cvA": 0.07051690338482343,
      "cvB": 0.09900884598370517
    },
    "tweedie": {
      "cvA": 0.06698082062494018,
      "cvB": 0.10172540316511351
    },
    "huber": {
      "cvA": 0.06857200718522267,
      "cvB": 0.09652480317963685
    },
    "wtail": {
      "cvA": 0.066315498709109,
      "cvB": 0.09671508760124145
    }
  },
  "best": "raw",
  "rank": [
    "raw",
    "huber",
    "wtail",
    "log1p",
    "sqrt",
    "tweedie"
  ]
}