{
  "best_iter": 152,
  "v1_rounds": 217,
  "repro_max_abs_diff": 1.1102230246251565e-16,
  "repro_corr": 0.9999999999999999,
  "v5_mean": 0.13140444748889943
}