{
  "cvA_lgbm": 0.0684060989546701,
  "best_it": 114,
  "pred_mean": 0.13069674823973318
}