{
  "cvA_lgbm": 0.06506980256841638,
  "cvA_cat": 0.06520801383506217,
  "cvA_blend": 0.06485704273256566,
  "cvB_lgbm": 0.09518167735843544
}