{
  "baselines_cvA": {
    "global": 0.14533039580896556,
    "tod_mean": 0.15005939467797488,
    "yesterday": 0.10079073866183415
  },
  "lgbm_cvA": {
    "rmse": 0.06843101782169267,
    "best_iter": 152
  },
  "lgbm_cvB": {
    "oof_rmse": 0.09636877030867687
  },
  "submission": {
    "rows": 41778,
    "pred_mean": 0.13083006702135733
  }
}